rh05_S5_L001,rh06_S6_L001,rh08_S8_L001,rh09_S9_L001,rh02_S2_L001,rh03_S3_L001,rh04_S4_L001,rh10_S10_L001,rh07_S7_L001,rh01_S1_L001,
MEG_780|Drugs|Aminoglycosides|Aminoglycoside_O-nucleotidyltransferases|ANT3-DPRIME,2,12,0,0,8,0,0,0,0,0
MEG_1580|Drugs|Phenicol|Chloramphenicol_acetyltransferases|CATA,0,0,0,0,0,0,0,0,0,2
MEG_2725|Multi-compound|Drug_and_biocide_resistance|Drug_and_biocide_MFS_efflux_pumps|EMRB,208,430,202,6,336,198,118,1900,102,164
MEG_7165|Drugs|Tetracyclines|Tetracycline_resistance_ribosomal_protection_proteins|TETO,0,2,0,0,0,0,0,0,0,0
MEG_855|Drugs|Aminoglycosides|Aminoglycoside_O-nucleotidyltransferases|ANT3-DPRIME,12,12,0,0,8,4,0,0,0,0
MEG_922|Drugs|Aminoglycosides|Aminoglycoside_O-nucleotidyltransferases|ANT3-DPRIME,10,24,0,0,8,2,2,0,0,2
MEG_1748|Multi-compound|Drug_and_biocide_and_metal_resistance|Drug_and_biocide_and_metal_RND_efflux_regulator|CMER,1928,3810,2856,3056,4244,942,1079,1618,1130,246
MEG_5802|Multi-compound|Drug_and_metal_resistance|Drug_and_metal_MFS_efflux_pumps|PMRG,4689,10245,4654,2,9348,1848,3270,9,2593,888
MEG_7070|Drugs|Tetracyclines|Tetracycline_resistance_MFS_efflux_pumps|TETD,2393,4966,2100,8,4154,5882,2146,16212,1190,436
MEG_1193|Multi-compound|Drug_and_biocide_and_metal_resistance|Drug_and_biocide_and_metal_RND_efflux_regulator|BAES,220,414,166,0,380,506,196,154,78,30
MEG_4400|Drugs|betalactams|Class_D_betalactamases|OXA,0,0,0,24,0,0,0,30,0,0
MEG_4637|Drugs|betalactams|Class_D_betalactamases|OXA,88,196,108,410,188,38,72,234,42,28
MEG_1085|Drugs|Aminoglycosides|Aminoglycoside_O-phosphotransferases|APH6,66,94,26,0,74,60,40,525,24,26
MEG_4588|Drugs|betalactams|Class_D_betalactamases|OXA,0,2,0,2,0,0,0,0,0,0
MEG_6630|Drugs|Sulfonamides|Sulfonamide-resistant_dihydropteroate_synthases|SULII,32,52,26,0,42,8,28,148,4,4
MEG_2805|Drugs|MLS|23S_rRNA_methyltransferases|ERMB,22,56,38,50,64,12,10,14,18,8
MEG_6971|Drugs|Tetracyclines|Tetracycline_resistance_ribosomal_protection_proteins|TET32,48,100,75,78,106,19,27,18,36,6
MEG_3753|Multi-compound|Drug_and_biocide_resistance|Drug_and_biocide_MFS_efflux_pumps|MDTG,228,541,284,4,399,1202,254,10,110,12
MEG_968|Drugs|Aminoglycosides|Aminoglycoside_O-nucleotidyltransferases|ANT3-DPRIME,0,0,0,0,0,0,0,4,0,0
MEG_4392|Drugs|betalactams|Class_D_betalactamases|OXA,0,4,0,0,0,0,0,0,0,0
MEG_4669|Drugs|betalactams|Class_D_betalactamases|OXA,1,0,0,0,0,0,0,0,0,0
MEG_4981|Drugs|betalactams|Class_D_betalactamases|OXA,0,0,0,0,0,0,0,1,0,0
MEG_4639|Drugs|betalactams|Class_D_betalactamases|OXA,0,0,0,0,2,0,0,2,0,0
MEG_4630|Drugs|betalactams|Class_D_betalactamases|OXA,88,182,102,408,202,30,56,234,44,18
MEG_2528|Drugs|Trimethoprim|Dihydrofolate_reductase|DFRA,36,72,2,0,34,46,24,4,10,0
MEG_7048|Drugs|Tetracyclines|Tetracycline_resistance_MFS_efflux_pumps|TETB,52,112,30,0,74,86,30,284,20,6
MEG_400|Multi-compound|Drug_and_biocide_resistance|Drug_and_biocide_RND_efflux_pumps|ACRA,0,0,0,0,0,0,0,2,0,0
MEG_3081|Multi-compound|Drug_and_biocide_resistance|Drug_and_biocide_RND_efflux_regulator|GADW,912,1856,930,12,1736,2236,752,4875,468,494
MEG_7052|Drugs|Tetracyclines|Tetracycline_resistance_MFS_efflux_pumps|TETB,0,2,0,0,2,2,0,2,0,0
MEG_2630|Drugs|Trimethoprim|Dihydrofolate_reductase|DHFR|RequiresSNPConfirmation,0,0,2,0,0,0,0,0,0,2
MEG_847|Drugs|Aminoglycosides|Aminoglycoside_O-nucleotidyltransferases|ANT3-DPRIME,0,0,0,0,0,0,0,2,0,0
MEG_4810|Drugs|betalactams|Class_D_betalactamases|OXA,0,0,0,0,2,0,0,0,0,0
MEG_1179|Drugs|Multi-drug_resistance|Multi-drug_RND_efflux_regulator|ASMA,0,0,0,2,0,0,0,12,0,0
MEG_1889|Drugs|betalactams|Class_C_betalactamases|CMY,2,2,0,0,2,0,0,0,0,0
MEG_4644|Drugs|betalactams|Class_D_betalactamases|OXA,0,0,0,0,2,0,0,0,0,0
MEG_1040|Drugs|Aminoglycosides|Aminoglycoside_O-phosphotransferases|APH3-DPRIME,594,1278,758,11356,1362,240,380,7090,296,578
MEG_4401|Drugs|betalactams|Class_D_betalactamases|OXA,0,0,0,10,0,0,0,18,0,0
MEG_2510|Drugs|Trimethoprim|Dihydrofolate_reductase|DFRA,44,104,32,0,88,22,30,520,12,8
MEG_4993|Drugs|betalactams|Class_D_betalactamases|OXA,0,0,0,0,0,0,0,2,0,0
MEG_3756|Multi-compound|Drug_and_biocide_resistance|Drug_and_biocide_SMR_efflux_pumps|MDTI,966,2288,973,6,2052,3927,1040,5113,518,442
MEG_1737|Multi-compound|Drug_and_biocide_and_metal_resistance|Drug_and_biocide_and_metal_RND_efflux_pumps|CMEA,6328,12375,7727,10694,14362,2844,3658,6444,3548,874
MEG_2847|Drugs|MLS|23S_rRNA_methyltransferases|ERMT,0,0,0,0,0,0,0,4,0,0
MEG_729|Drugs|betalactams|Penicillin_binding_protein|AMPH,394,744,372,0,670,436,238,2570,180,236
MEG_862|Drugs|Aminoglycosides|Aminoglycoside_O-nucleotidyltransferases|ANT3-DPRIME,0,18,2,0,12,0,0,0,6,0
MEG_1533|Drugs|betalactams|Class_A_betalactamases|CARB,0,0,0,0,0,0,0,2,0,0
MEG_3133|Multi-compound|Drug_and_biocide_and_metal_resistance|Drug_and_biocide_and_metal_RND_efflux_pumps|GESB,2360,4538,1278,2,4368,442,1321,0,1288,314
MEG_994|Drugs|Aminoglycosides|Aminoglycoside_O-nucleotidyltransferases|ANT6,236,636,318,1783,696,60,152,966,136,108
MEG_2118|Multi-compound|Drug_and_biocide_resistance|Drug_and_biocide_RND_efflux_regulator|CPXAR,409,870,454,0,872,1110,438,2226,228,176
MEG_2517|Drugs|Trimethoprim|Dihydrofolate_reductase|DFRA,0,0,0,2,0,0,0,0,0,2
MEG_296|Drugs|Aminoglycosides|Aminoglycoside_N-acetyltransferases|AAC6-PRIME,1032,2528,1340,4,2386,410,695,0,636,264
MEG_3749|Multi-compound|Drug_and_biocide_and_metal_resistance|Drug_and_biocide_and_metal_RND_efflux_pumps|MDTC,4,0,0,0,0,2,2,8,0,0
MEG_7046|Drugs|Tetracyclines|Tetracycline_resistance_MFS_efflux_pumps|TETB,38,80,68,0,100,102,38,298,30,8
MEG_2532|Drugs|Trimethoprim|Dihydrofolate_reductase|DFRA,28,92,30,0,68,27,28,447,16,8
MEG_2806|Drugs|MLS|23S_rRNA_methyltransferases|ERMB,0,0,0,0,0,0,0,2,0,0
MEG_4577|Drugs|betalactams|Class_D_betalactamases|OXA,4,4,0,2,4,0,0,0,0,0
MEG_2915|Drugs|Phenicol|Phenicol_resistance_MFS_efflux_pumps|FLOR,0,0,0,0,0,0,2,0,0,0
MEG_3448|Drugs|Aminoglycosides|Aminoglycoside_efflux_pumps|KDPE,666,1324,568,2,1085,874,555,4144,342,310
MEG_861|Drugs|Aminoglycosides|Aminoglycoside_O-nucleotidyltransferases|ANT3-DPRIME,8,16,4,0,12,2,0,0,2,0
MEG_1003|Drugs|Aminoglycosides|Aminoglycoside_O-nucleotidyltransferases|ANT9,8402,16834,10812,20013,17763,4512,5807,12061,4473,1585
MEG_867|Drugs|Aminoglycosides|Aminoglycoside_O-nucleotidyltransferases|ANT3-DPRIME,8,14,6,0,16,0,6,0,2,0
MEG_1746|Multi-compound|Drug_and_biocide_and_metal_resistance|Drug_and_biocide_and_metal_RND_efflux_pumps|CMEF,6320,13463,8729,21135,15164,3233,4092,12668,3634,1504
MEG_272|Drugs|Aminoglycosides|Aminoglycoside_N-acetyltransferases|AAC6-PRIME,0,0,0,0,0,0,0,4,0,0
MEG_7050|Drugs|Tetracyclines|Tetracycline_resistance_MFS_efflux_pumps|TETB,0,0,0,0,0,0,0,2,0,0
MEG_2346|Drugs|betalactams|Class_A_betalactamases|CTX,1,0,0,0,1,0,0,0,0,0
MEG_975|Drugs|Aminoglycosides|Aminoglycoside_O-nucleotidyltransferases|ANT3-DPRIME,6,10,4,0,12,0,6,0,2,2
MEG_1584|Drugs|Phenicol|Chloramphenicol_acetyltransferases|CATA,0,0,0,0,0,0,0,0,0,2
MEG_960|Drugs|Aminoglycosides|Aminoglycoside_O-nucleotidyltransferases|ANT3-DPRIME,2,2,0,0,0,0,2,0,0,0
MEG_7150|Drugs|Tetracyclines|Tetracycline_resistance_ribosomal_protection_proteins|TETO,8,15,8,48,12,8,6,27,0,4
MEG_406|Multi-compound|Drug_and_biocide_and_metal_resistance|Drug_and_biocide_and_metal_RND_efflux_pumps|ACRD,44,98,40,0,104,98,44,278,24,6
MEG_2536|Drugs|Trimethoprim|Dihydrofolate_reductase|DFRA,0,0,0,0,0,0,0,1,0,0
MEG_3132|Multi-compound|Drug_and_biocide_and_metal_resistance|Drug_and_biocide_and_metal_RND_efflux_pumps|GESA,2305,3734,1452,2,3918,400,1374,0,1309,380
MEG_6622|Drugs|Sulfonamides|Sulfonamide-resistant_dihydropteroate_synthases|SULII,2,2,0,0,0,0,0,2,0,0
MEG_6165|Drugs|Nucleosides|Streptothricin_acetyltransferase|SAT,2,0,0,24,2,0,0,6,0,0
MEG_2804|Drugs|MLS|23S_rRNA_methyltransferases|ERMB,2180,4070,2558,2172,4465,847,1314,1182,1114,282
MEG_2737|Multi-compound|Drug_and_biocide_resistance|Drug_and_biocide_MFS_efflux_pumps|EMRY,370,760,386,0,582,818,302,1924,220,186
MEG_410|Multi-compound|Drug_and_biocide_resistance|Drug_and_biocide_RND_efflux_pumps|ACRF,799,1620,746,58,1419,338,450,8789,392,746
MEG_5131|Drugs|betalactams|Class_D_betalactamases|OXA,0,2,0,0,0,0,0,0,0,0
MEG_3513|Multi-compound|Drug_and_biocide_resistance|Drug_and_biocide_MFS_efflux_pumps|KPN,182,442,202,2,330,170,108,1834,116,154
MEG_4103|Multi-compound|Drug_and_biocide_resistance|Drug_and_biocide_SMR_efflux_pumps|MVRC,0,2,0,10,2,20,0,16,0,0
MEG_7149|Drugs|Tetracyclines|Tetracycline_resistance_ribosomal_protection_proteins|TETO,4701,8558,5624,6814,8879,2435,3136,4650,2676,760
MEG_6634|Drugs|Sulfonamides|Sulfonamide-resistant_dihydropteroate_synthases|SULII,28,60,22,0,56,12,14,190,30,2
MEG_775|Drugs|Aminoglycosides|Aminoglycoside_O-nucleotidyltransferases|ANT3-DPRIME,6,14,2,0,8,2,6,0,0,0
MEG_2508|Drugs|Trimethoprim|Dihydrofolate_reductase|DFRA,42,96,22,0,88,16,42,440,26,8
MEG_7161|Drugs|Tetracyclines|Tetracycline_resistance_ribosomal_protection_proteins|TETO,4835,8872,5850,7188,9129,2494,3124,4628,2803,866
MEG_6162|Drugs|Nucleosides|Streptothricin_acetyltransferase|SAT,234,520,245,0,410,144,128,2764,120,74
MEG_4403|Drugs|betalactams|Class_D_betalactamases|OXA,0,0,0,0,2,0,0,0,0,0
MEG_4638|Drugs|betalactams|Class_D_betalactamases|OXA,0,0,0,2,0,0,0,2,0,2
MEG_3757|Multi-compound|Drug_and_biocide_resistance|Drug_and_biocide_SMR_efflux_pumps|MDTJ,1000,1971,1070,2,1816,2588,828,4461,554,402
MEG_974|Drugs|Aminoglycosides|Aminoglycoside_O-nucleotidyltransferases|ANT3-DPRIME,10,12,4,0,8,2,12,0,2,0
MEG_1593|Drugs|Phenicol|Chloramphenicol_acetyltransferases|CATA,0,0,0,0,0,0,0,0,0,6
MEG_3662|Multi-compound|Drug_and_biocide_resistance|Drug_and_biocide_RND_efflux_regulator|MARA,130,238,148,0,280,48,74,1332,66,146
MEG_1283|Drugs|betalactams|Class_C_betalactamases|BLAEC,327,648,286,0,596,626,270,1518,156,112
MEG_6619|Drugs|Sulfonamides|Sulfonamide-resistant_dihydropteroate_synthases|SULII,36,60,12,0,62,14,18,194,14,8
MEG_942|Drugs|Aminoglycosides|Aminoglycoside_O-nucleotidyltransferases|ANT3-DPRIME,0,2,0,0,0,2,0,0,0,0
MEG_1834|Drugs|betalactams|Class_C_betalactamases|CMY,0,0,0,0,0,0,0,2,0,0
MEG_841|Drugs|Aminoglycosides|Aminoglycoside_O-nucleotidyltransferases|ANT3-DPRIME,4,16,2,0,10,2,14,0,6,0
MEG_6169|Drugs|Nucleosides|Streptothricin_acetyltransferase|SAT,88,200,100,4300,178,12,55,2485,42,210
MEG_7152|Drugs|Tetracyclines|Tetracycline_resistance_ribosomal_protection_proteins|TETO,4900,8960,5778,7130,9320,2570,3343,4710,2784,908
MEG_1813|Drugs|betalactams|Class_C_betalactamases|CMY,0,0,0,0,2,0,0,0,0,0
MEG_1045|Drugs|Aminoglycosides|Aminoglycoside_O-phosphotransferases|APH3-DPRIME,0,0,1,0,0,0,0,4,0,0
MEG_4385|Drugs|betalactams|Class_D_betalactamases|OXA,1,4,0,0,0,1,0,0,0,0
MEG_7018|Drugs|Tetracyclines|Tetracycline_resistance_MFS_efflux_pumps|TETA,0,0,0,2,0,0,0,0,0,0
MEG_7154|Drugs|Tetracyclines|Tetracycline_resistance_ribosomal_protection_proteins|TETO,4849,8845,5718,6823,9025,2505,3135,4496,2566,736
MEG_1191|Multi-compound|Drug_and_biocide_and_metal_resistance|Drug_and_biocide_and_metal_RND_efflux_regulator|BAER,2920,5788,2870,0,5363,826,1690,10,1544,295
MEG_5810|Drugs|betalactams|Class_A_betalactamases|PSE,0,2,0,0,0,0,2,0,0,0
MEG_1531|Drugs|betalactams|Class_A_betalactamases|CARB,0,0,0,2,0,0,0,2,0,0
MEG_5059|Drugs|betalactams|Class_D_betalactamases|OXA,0,0,2,0,0,0,0,0,0,0
MEG_996|Drugs|Aminoglycosides|Aminoglycoside_O-nucleotidyltransferases|ANT6,260,642,266,1758,674,74,184,1048,138,108
MEG_2987|Drugs|Fosfomycin|Fosfomycin_thiol_transferases|FOSA,0,0,0,0,0,0,0,2,0,0
MEG_1592|Drugs|Phenicol|Chloramphenicol_acetyltransferases|CATA,0,0,0,0,0,0,0,0,0,2
MEG_1740|Multi-compound|Drug_and_biocide_and_metal_resistance|Drug_and_biocide_and_metal_RND_efflux_pumps|CMEB,0,0,0,2,0,0,0,4,0,0
MEG_3737|Multi-compound|Drug_and_biocide_resistance|Drug_and_biocide_MFS_efflux_pumps|MDFA,60,90,38,8,52,70,44,18,30,2
MEG_6159|Drugs|Nucleosides|Streptothricin_acetyltransferase|SAT,198,600,200,2,358,126,130,2886,126,106
MEG_1478|Drugs|Glycopeptides|Bleomycin_resistance_protein|BRP,628,1268,608,0,1120,2682,760,0,304,34
MEG_2788|Drugs|MLS|23S_rRNA_methyltransferases|ERMB,2086,4050,2698,1956,4372,758,1228,1180,1113,264
MEG_839|Drugs|Aminoglycosides|Aminoglycoside_O-nucleotidyltransferases|ANT3-DPRIME,10,6,2,0,4,4,6,0,2,2
MEG_1211|Multi-compound|Drug_and_biocide_resistance|Drug_and_biocide_MFS_efflux_pumps|BCR,16,28,8,16,20,28,10,12,12,0
MEG_1521|Drugs|betalactams|Class_A_betalactamases|CARB,2,2,0,0,0,0,0,0,0,0
MEG_1499|Drugs|betalactams|Class_A_betalactamases|CARB,0,0,0,0,0,0,0,2,0,0
MEG_1547|Drugs|betalactams|Class_A_betalactamases|CARB,2,2,2,0,0,0,2,0,2,0
MEG_987|Drugs|Aminoglycosides|Aminoglycoside_O-nucleotidyltransferases|ANT6,0,0,0,0,0,0,2,0,1,0
MEG_792|Drugs|Aminoglycosides|Aminoglycoside_O-nucleotidyltransferases|ANT3-DPRIME,0,0,0,0,0,0,0,2,0,0
MEG_1747|Multi-compound|Drug_and_biocide_and_metal_resistance|Drug_and_biocide_and_metal_RND_efflux_regulator|CMER,10363,20787,14468,20282,22036,4568,6095,10715,5603,1718
MEG_7019|Drugs|Tetracyclines|Tetracycline_resistance_MFS_efflux_pumps|TETA,0,0,0,2,0,0,0,0,0,0
MEG_7159|Drugs|Tetracyclines|Tetracycline_resistance_ribosomal_protection_proteins|TETO,795,1549,976,16562,1360,378,462,11090,498,794
MEG_2722|Multi-compound|Drug_and_biocide_resistance|Drug_and_biocide_MFS_efflux_pumps|EMRA,2,0,0,0,2,2,0,4,2,0
MEG_990|Drugs|Aminoglycosides|Aminoglycoside_O-nucleotidyltransferases|ANT6,3,6,3,26944,6,6,10,15610,6,1276
MEG_1029|Drugs|Aminoglycosides|Aminoglycoside_O-phosphotransferases|APH3-DPRIME,0,0,0,0,0,0,0,2,0,4
MEG_2730|Multi-compound|Drug_and_biocide_resistance|Drug_and_biocide_MFS_efflux_pumps|EMRD,162,246,132,0,250,310,154,1032,76,72
MEG_1742|Multi-compound|Drug_and_biocide_and_metal_resistance|Drug_and_biocide_and_metal_RND_efflux_pumps|CMEC,7425,15167,8781,16080,16180,2210,4359,9730,3865,1234
MEG_6627|Drugs|Sulfonamides|Sulfonamide-resistant_dihydropteroate_synthases|SULII,28,60,14,0,44,8,14,186,16,4
MEG_840|Drugs|Aminoglycosides|Aminoglycoside_O-nucleotidyltransferases|ANT3-DPRIME,10,12,2,0,8,2,0,0,0,0
MEG_5130|Drugs|betalactams|Class_D_betalactamases|OXA,0,4,0,0,0,0,0,0,0,0
MEG_6591|Drugs|Sulfonamides|Sulfonamide-resistant_dihydropteroate_synthases|SULI,0,0,0,0,0,0,0,6,0,0
MEG_6624|Drugs|Sulfonamides|Sulfonamide-resistant_dihydropteroate_synthases|SULII,40,44,28,0,38,14,6,182,18,4
MEG_6552|Multi-compound|Drug_and_biocide_and_metal_resistance|Drug_and_biocide_and_metal_resistance_regulator|SOXS|RequiresSNPConfirmation,9365,17685,8679,17,16426,2818,5707,16,4866,1695
MEG_1538|Drugs|betalactams|Class_A_betalactamases|CARB,2,2,0,0,2,0,0,0,2,0
MEG_5133|Drugs|betalactams|Class_D_betalactamases|OXA,0,2,0,0,0,0,0,0,0,0
MEG_2644|Drugs|Trimethoprim|Dihydrofolate_reductase|DHFR|RequiresSNPConfirmation,0,0,0,0,0,0,0,0,0,2
MEG_2499|Drugs|Trimethoprim|Dihydrofolate_reductase|DFRA,66,106,56,0,120,10,38,716,38,18
MEG_4786|Drugs|betalactams|Class_D_betalactamases|OXA,0,0,0,0,0,0,0,2,0,0
MEG_4584|Drugs|betalactams|Class_D_betalactamases|OXA,0,0,0,2,0,0,0,0,0,0
MEG_2505|Drugs|Trimethoprim|Dihydrofolate_reductase|DFRA,0,0,0,4,0,0,0,20,0,0
MEG_4659|Drugs|betalactams|Class_D_betalactamases|OXA,0,0,0,0,0,0,0,4,2,0
MEG_991|Drugs|Aminoglycosides|Aminoglycoside_O-nucleotidyltransferases|ANT6,0,0,0,0,0,0,0,2,0,0
MEG_865|Drugs|Aminoglycosides|Aminoglycoside_O-nucleotidyltransferases|ANT3-DPRIME,6,4,4,0,12,2,0,0,2,0
MEG_6625|Drugs|Sulfonamides|Sulfonamide-resistant_dihydropteroate_synthases|SULII,44,50,16,0,34,8,4,178,26,4
MEG_6616|Drugs|Sulfonamides|Sulfonamide-resistant_dihydropteroate_synthases|SULI,0,0,0,0,1,0,0,0,0,0
MEG_1546|Drugs|betalactams|Class_A_betalactamases|CARB,0,2,2,0,0,0,0,2,0,0
MEG_998|Drugs|Aminoglycosides|Aminoglycoside_O-nucleotidyltransferases|ANT6,0,0,0,0,1,0,0,0,0,0
MEG_399|Multi-compound|Drug_and_biocide_resistance|Drug_and_biocide_RND_efflux_pumps|ACRA,658,1318,576,4,1118,1034,528,3800,356,232
MEG_6166|Drugs|Nucleosides|Streptothricin_acetyltransferase|SAT,98,214,87,4304,148,24,63,2578,42,156
MEG_2921|Drugs|Phenicol|Phenicol_resistance_MFS_efflux_pumps|FLOR,2,2,0,0,0,0,0,0,0,0
MEG_5032|Drugs|betalactams|Class_D_betalactamases|OXA,0,0,0,1,0,0,0,0,0,0
MEG_2736|Multi-compound|Drug_and_biocide_resistance|Drug_and_biocide_MFS_efflux_pumps|EMRY,404,846,370,2,736,966,336,1848,218,154
MEG_774|Drugs|Aminoglycosides|Aminoglycoside_O-nucleotidyltransferases|ANT3-DPRIME,6,24,0,0,8,4,6,0,0,0
MEG_2535|Drugs|Trimethoprim|Dihydrofolate_reductase|DFRA,0,2,0,0,0,0,0,6,2,0
MEG_3761|Multi-compound|Drug_and_biocide_resistance|Drug_and_biocide_MFS_efflux_pumps|MDTM,150,336,174,1,282,714,242,8,86,18
MEG_1975|Drugs|betalactams|Class_C_betalactamases|CMY,0,0,2,0,0,0,0,0,0,0
MEG_2791|Drugs|MLS|23S_rRNA_methyltransferases|ERMB,0,0,0,0,0,2,0,0,0,0
MEG_407|Multi-compound|Drug_and_biocide_and_metal_resistance|Drug_and_biocide_and_metal_RND_efflux_pumps|ACRD,56,152,46,0,110,92,62,286,26,18
MEG_3746|Multi-compound|Drug_and_biocide_and_metal_resistance|Drug_and_biocide_and_metal_RND_efflux_pumps|MDTA,247,438,286,2,402,724,188,1326,128,108
MEG_1540|Drugs|betalactams|Class_A_betalactamases|CARB,0,4,0,0,0,0,0,0,0,0
MEG_986|Drugs|Aminoglycosides|Aminoglycoside_O-nucleotidyltransferases|ANT6,0,0,0,1,0,0,0,0,0,0
MEG_2795|Drugs|MLS|23S_rRNA_methyltransferases|ERMB,18,64,28,30,40,8,16,26,10,4
MEG_2529|Drugs|Trimethoprim|Dihydrofolate_reductase|DFRA,58,132,54,0,122,10,28,664,34,20
MEG_2534|Drugs|Trimethoprim|Dihydrofolate_reductase|DFRA,0,6,0,0,0,0,2,14,4,0
MEG_6167|Drugs|Nucleosides|Streptothricin_acetyltransferase|SAT,188,596,190,0,346,130,162,2814,116,74
MEG_2931|Drugs|Phenicol|Phenicol_resistance_MFS_efflux_pumps|FLOR,0,2,0,0,0,0,0,0,2,0
MEG_2503|Drugs|Trimethoprim|Dihydrofolate_reductase|DFRA,0,0,0,6,0,0,0,32,0,0
MEG_7031|Drugs|Tetracyclines|Tetracycline_resistance_MFS_efflux_pumps|TETA,0,0,0,0,0,0,0,4,0,0
MEG_7160|Drugs|Tetracyclines|Tetracycline_resistance_ribosomal_protection_proteins|TETO,4984,8862,5734,7031,9202,2530,3200,4628,2786,716
MEG_6621|Drugs|Sulfonamides|Sulfonamide-resistant_dihydropteroate_synthases|SULII,32,68,26,0,28,14,14,148,14,10
MEG_2618|Drugs|Trimethoprim|Dihydrofolate_reductase|DHFR|RequiresSNPConfirmation,56,147,42,0,126,6,36,756,28,12
MEG_4599|Drugs|betalactams|Class_D_betalactamases|OXA,0,0,0,0,2,0,0,0,0,0
MEG_2792|Drugs|MLS|23S_rRNA_methyltransferases|ERMB,0,2,0,0,0,0,0,0,0,0
MEG_7044|Drugs|Tetracyclines|Tetracycline_resistance_MFS_efflux_pumps|TETB,44,112,44,0,92,112,48,328,24,10
MEG_2645|Drugs|Trimethoprim|Dihydrofolate_reductase|DHFR|RequiresSNPConfirmation,0,2,0,0,0,0,0,0,0,4
MEG_2509|Drugs|Trimethoprim|Dihydrofolate_reductase|DFRA,28,82,30,0,87,6,28,484,20,4
MEG_5127|Drugs|betalactams|Class_D_betalactamases|OXA,0,0,2,0,0,0,0,0,0,0
MEG_72|Drugs|Aminoglycosides|Aminoglycoside_N-acetyltransferases|AAC6-PRIME,0,0,0,0,0,0,0,4,0,0
MEG_929|Drugs|Aminoglycosides|Aminoglycoside_O-nucleotidyltransferases|ANT3-DPRIME,6,10,4,0,2,6,4,0,0,0
MEG_2547|Drugs|Trimethoprim|Dihydrofolate_reductase|DFRA,34,82,30,0,89,10,30,528,12,2
MEG_1281|Drugs|betalactams|Class_C_betalactamases|BLAEC,334,704,310,6,618,668,266,1611,156,140
MEG_822|Drugs|Aminoglycosides|Aminoglycoside_O-nucleotidyltransferases|ANT3-DPRIME,0,0,0,0,0,0,0,0,0,2
MEG_1000|Drugs|Aminoglycosides|Aminoglycoside_O-nucleotidyltransferases|ANT6,0,0,0,1,0,0,0,0,0,0
MEG_6600|Drugs|Sulfonamides|Sulfonamide-resistant_dihydropteroate_synthases|SULI,0,0,0,0,0,2,0,0,0,0
MEG_3751|Multi-compound|Drug_and_biocide_resistance|Drug_and_biocide_RND_efflux_pumps|MDTE,324,890,316,0,728,1360,362,134,176,34
MEG_3760|Multi-compound|Drug_and_biocide_resistance|Drug_and_biocide_MATE_efflux_pumps|MDTK,0,0,0,0,2,0,2,0,0,0
MEG_3661|Multi-compound|Drug_and_biocide_resistance|Drug_and_biocide_RND_efflux_regulator|MARA,130,234,138,0,240,56,80,1340,68,112
MEG_2640|Drugs|Trimethoprim|Dihydrofolate_reductase|DHFR|RequiresSNPConfirmation,0,2,0,0,0,2,0,0,0,0
MEG_5128|Drugs|betalactams|Class_D_betalactamases|OXA,88,180,110,484,204,38,40,244,46,32
MEG_1899|Drugs|betalactams|Class_C_betalactamases|CMY,0,0,0,0,2,0,0,0,0,0
MEG_1039|Drugs|Aminoglycosides|Aminoglycoside_O-phosphotransferases|APH3-DPRIME,4,12,0,40,2,0,6,40,4,0
MEG_1282|Drugs|betalactams|Class_C_betalactamases|BLAEC,348,779,358,2,562,740,276,1585,172,128
MEG_7162|Drugs|Tetracyclines|Tetracycline_resistance_ribosomal_protection_proteins|TETO,720,1460,924,15979,1372,314,450,10708,464,824
MEG_6617|Drugs|Sulfonamides|Sulfonamide-resistant_dihydropteroate_synthases|SULII,24,64,15,0,42,6,14,196,22,2
MEG_967|Drugs|Aminoglycosides|Aminoglycoside_O-nucleotidyltransferases|ANT3-DPRIME,2,6,4,0,6,2,0,0,4,0
MEG_6639|Drugs|Sulfonamides|Sulfonamide-resistant_dihydropteroate_synthases|SULIII,0,0,0,0,2,0,0,6,0,0
MEG_1532|Drugs|betalactams|Class_A_betalactamases|CARB,0,0,0,0,2,0,0,0,0,0
MEG_2729|Multi-compound|Drug_and_biocide_resistance|Drug_and_biocide_MFS_efflux_pumps|EMRD,208,276,122,0,278,254,100,930,94,72
MEG_6588|Drugs|Sulfonamides|Sulfonamide-resistant_dihydropteroate_synthases|SULI,0,0,0,0,0,2,0,0,0,0
MEG_849|Drugs|Aminoglycosides|Aminoglycoside_O-nucleotidyltransferases|ANT3-DPRIME,0,0,0,0,0,0,0,2,0,0
MEG_2537|Drugs|Trimethoprim|Dihydrofolate_reductase|DFRA,0,2,2,0,0,0,0,8,0,0
MEG_6157|Drugs|Nucleosides|Streptothricin_acetyltransferase|SAT,190,554,196,0,372,126,150,2905,150,114
MEG_1180|Drugs|Multi-drug_resistance|Multi-drug_RND_efflux_regulator|ASMA,1820,3619,1632,8,3221,3834,1576,9529,891,814
MEG_4651|Drugs|betalactams|Class_D_betalactamases|OXA,0,2,0,0,0,0,0,0,0,0
MEG_891|Drugs|Aminoglycosides|Aminoglycoside_O-nucleotidyltransferases|ANT3-DPRIME,0,0,0,0,0,0,0,2,0,0
MEG_1096|Drugs|Aminoglycosides|Aminoglycoside_O-phosphotransferases|APH6,50,114,32,0,92,60,50,596,26,12
MEG_999|Drugs|Aminoglycosides|Aminoglycoside_O-nucleotidyltransferases|ANT6,0,0,0,0,0,0,0,12,0,0
MEG_2643|Drugs|Trimethoprim|Dihydrofolate_reductase|DHFR|RequiresSNPConfirmation,64,142,70,2,150,14,40,658,42,26
MEG_4994|Drugs|betalactams|Class_D_betalactamases|OXA,0,0,0,0,0,0,0,2,0,0
MEG_401|Multi-compound|Drug_and_biocide_resistance|Drug_and_biocide_RND_efflux_pumps|ACRB,664,1632,613,0,1402,1474,556,3706,362,288
MEG_409|Multi-compound|Drug_and_biocide_resistance|Drug_and_biocide_RND_efflux_pumps|ACRF,706,1595,814,38,1399,338,470,8683,398,690
MEG_842|Drugs|Aminoglycosides|Aminoglycoside_O-nucleotidyltransferases|ANT3-DPRIME,2,8,2,0,6,4,6,0,8,0
MEG_1016|Drugs|Aminoglycosides|Aminoglycoside_O-phosphotransferases|APH2-DPRIME,558,1384,798,11877,1387,252,386,7115,232,712
MEG_1838|Drugs|betalactams|Class_C_betalactamases|CMY,0,0,0,0,2,0,0,0,0,0
MEG_6628|Drugs|Sulfonamides|Sulfonamide-resistant_dihydropteroate_synthases|SULII,32,60,28,0,58,8,15,166,12,6
MEG_2844|Drugs|MLS|23S_rRNA_methyltransferases|ERMR,0,0,0,0,0,0,0,2,0,0
MEG_2739|Drugs|Cationic_antimicrobial_peptides|Lipid_A_modification|EPTA,616,1134,666,2,1062,1362,549,3280,328,300
MEG_4643|Drugs|betalactams|Class_D_betalactamases|OXA,0,2,0,0,0,0,0,0,0,0
MEG_5219|Drugs|betalactams|Class_D_betalactamases|OXA,0,0,0,0,0,0,0,2,0,0
MEG_1195|Multi-compound|Drug_and_biocide_and_metal_resistance|Drug_and_biocide_and_metal_RND_efflux_regulator|BAES,214,414,132,0,384,484,182,150,98,28
MEG_7047|Drugs|Tetracyclines|Tetracycline_resistance_MFS_efflux_pumps|TETB,36,103,62,0,78,126,40,298,20,12
MEG_4404|Drugs|betalactams|Class_D_betalactamases|OXA,0,0,0,0,2,0,0,0,0,0
MEG_2368|Drugs|betalactams|Class_A_betalactamases|CTX,0,0,0,0,0,0,0,2,0,0
MEG_415|Multi-compound|Drug_and_biocide_resistance|Drug_and_biocide_RND_efflux_regulator|ACRS,1927,3459,1640,38,2972,3790,1473,9869,913,837
MEG_2120|Multi-compound|Drug_and_biocide_resistance|Drug_and_biocide_RND_efflux_regulator|CPXAR,8,14,6,0,16,20,6,44,2,4
MEG_961|Drugs|Aminoglycosides|Aminoglycoside_O-nucleotidyltransferases|ANT3-DPRIME,0,0,0,0,0,0,0,2,0,0
MEG_4633|Drugs|betalactams|Class_D_betalactamases|OXA,0,2,0,0,0,0,0,2,0,0
MEG_42|Drugs|Aminoglycosides|Aminoglycoside_N-acetyltransferases|AAC3,0,0,0,8,0,0,0,46,0,2
MEG_2799|Drugs|MLS|23S_rRNA_methyltransferases|ERMB,0,2,0,0,2,0,0,0,0,0
MEG_7042|Drugs|Tetracyclines|Tetracycline_resistance_MFS_efflux_pumps|TETB,36,88,56,0,80,118,50,284,18,8
MEG_6176|Drugs|Multi-drug_resistance|Multi-drug_RND_efflux_pumps|SDIA,6860,13546,5890,11,12716,2594,4313,22,3972,1246
MEG_2530|Drugs|Trimethoprim|Dihydrofolate_reductase|DFRA,0,0,0,0,0,0,0,30,0,0
MEG_1189|Drugs|Bacitracin|Undecaprenyl_pyrophosphate_phosphatase|BACA,2,0,0,0,2,6,0,0,0,0
MEG_4424|Drugs|betalactams|Class_D_betalactamases|OXA,0,0,0,0,0,0,0,2,0,0
MEG_2527|Drugs|Trimethoprim|Dihydrofolate_reductase|DFRA,0,0,0,0,0,0,0,6,0,0
MEG_860|Drugs|Aminoglycosides|Aminoglycoside_O-nucleotidyltransferases|ANT3-DPRIME,0,0,0,0,0,2,0,0,2,0
MEG_1577|Drugs|Phenicol|Chloramphenicol_acetyltransferases|CATA,0,0,0,8,0,0,0,42,0,0
MEG_271|Drugs|Aminoglycosides|Aminoglycoside_N-acetyltransferases|AAC6-PRIME,0,0,0,0,0,0,0,2,0,0
MEG_211|Drugs|Aminoglycosides|Aminoglycoside_N-acetyltransferases|AAC6-PRIME,0,0,0,2,0,0,0,0,0,0
MEG_1084|Drugs|Aminoglycosides|Aminoglycoside_O-phosphotransferases|APH6,40,90,22,0,64,56,46,585,18,14
MEG_2916|Drugs|Phenicol|Phenicol_resistance_MFS_efflux_pumps|FLOR,0,0,0,0,2,0,0,0,0,0
MEG_863|Drugs|Aminoglycosides|Aminoglycoside_O-nucleotidyltransferases|ANT3-DPRIME,4,10,4,0,6,4,2,0,6,0
MEG_2507|Drugs|Trimethoprim|Dihydrofolate_reductase|DFRA,38,84,34,0,82,16,20,545,16,8
MEG_6580|Drugs|Sulfonamides|Sulfonamide-resistant_dihydropteroate_synthases|SULI,0,0,0,0,0,0,0,0,0,1
MEG_76|Drugs|Aminoglycosides|Aminoglycoside_N-acetyltransferases|AAC6-PRIME,0,0,0,0,0,0,0,2,0,0
MEG_1738|Multi-compound|Drug_and_biocide_and_metal_resistance|Drug_and_biocide_and_metal_RND_efflux_pumps|CMEA,86,110,68,96,121,32,32,64,32,10
MEG_7328|Drugs|Cationic_antimicrobial_peptides|Lipid_A_modification|UGD,6,8,6,6,8,44,2,2,4,2
MEG_888|Drugs|Aminoglycosides|Aminoglycoside_O-nucleotidyltransferases|ANT3-DPRIME,0,6,0,0,0,0,0,2,0,0
MEG_2846|Drugs|MLS|23S_rRNA_methyltransferases|ERMT,0,0,0,2,0,0,0,0,0,0
MEG_6637|Drugs|Sulfonamides|Sulfonamide-resistant_dihydropteroate_synthases|SULII,34,64,24,0,46,8,26,194,18,6
MEG_2546|Drugs|Trimethoprim|Dihydrofolate_reductase|DFRA,0,0,0,6,0,0,0,24,0,0
MEG_1194|Multi-compound|Drug_and_biocide_and_metal_resistance|Drug_and_biocide_and_metal_RND_efflux_regulator|BAES,1338,2697,1218,1,2307,328,702,0,760,138
MEG_1030|Drugs|Aminoglycosides|Aminoglycoside_O-phosphotransferases|APH3-DPRIME,0,0,0,0,0,0,0,2,0,0
MEG_1523|Drugs|betalactams|Class_A_betalactamases|CARB,4,2,0,0,0,2,0,2,2,0
MEG_2793|Drugs|MLS|23S_rRNA_methyltransferases|ERMB,0,2,2,0,0,0,2,0,0,0
MEG_7156|Drugs|Tetracyclines|Tetracycline_resistance_ribosomal_protection_proteins|TETO,5028,8657,5933,6894,8681,2438,3186,4476,2644,868
MEG_1741|Multi-compound|Drug_and_biocide_and_metal_resistance|Drug_and_biocide_and_metal_RND_efflux_pumps|CMEC,9261,19558,10771,17581,20868,3193,5853,10489,5057,1101
MEG_2734|Multi-compound|Drug_and_biocide_resistance|Drug_and_biocide_MFS_efflux_regulator|EMRR,1042,2134,1073,4,1747,2771,882,5596,584,562
MEG_49|Drugs|Aminoglycosides|Aminoglycoside_N-acetyltransferases|AAC3,0,0,0,0,0,0,0,4,0,0
MEG_3134|Multi-compound|Drug_and_biocide_and_metal_resistance|Drug_and_biocide_and_metal_RND_efflux_pumps|GESC,504,944,260,0,992,120,330,0,284,50
MEG_3271|Drugs|Multi-drug_resistance|Multi-drug_RND_efflux_pumps|HNS,172,346,178,8,254,196,126,841,82,82
MEG_7171|Drugs|Tetracyclines|Tetracycline_resistance_ribosomal_protection_proteins|TETO,2,0,2,2,0,0,0,0,2,0
MEG_1277|Drugs|betalactams|Class_C_betalactamases|BLAEC,0,4,0,0,2,2,0,6,0,0
MEG_7157|Drugs|Tetracyclines|Tetracycline_resistance_ribosomal_protection_proteins|TETO,803,1490,864,16136,1447,346,442,10591,428,858
MEG_1097|Drugs|Aminoglycosides|Aminoglycoside_O-phosphotransferases|APH6,38,92,40,0,88,46,48,578,10,26
MEG_7051|Drugs|Tetracyclines|Tetracycline_resistance_MFS_efflux_pumps|TETB,46,114,64,0,68,100,32,278,26,6
MEG_1519|Drugs|betalactams|Class_A_betalactamases|CARB,4,0,0,0,2,0,2,0,2,0
MEG_7038|Drugs|Tetracyclines|Tetracycline_resistance_MFS_efflux_pumps|TETB,50,88,52,0,86,96,52,278,32,4
MEG_51|Drugs|Aminoglycosides|Aminoglycoside_N-acetyltransferases|AAC3,748,1571,539,2,1276,3670,922,2,392,34
MEG_2724|Multi-compound|Drug_and_biocide_resistance|Drug_and_biocide_MFS_efflux_pumps|EMRB,181,420,192,0,354,170,128,1811,88,130
MEG_7041|Drugs|Tetracyclines|Tetracycline_resistance_MFS_efflux_pumps|TETB,40,96,53,0,74,98,32,300,14,12
MEG_864|Drugs|Aminoglycosides|Aminoglycoside_O-nucleotidyltransferases|ANT3-DPRIME,12,12,0,0,6,0,0,0,0,2
MEG_1276|Drugs|betalactams|Class_C_betalactamases|BLAEC,6,18,12,0,14,10,8,42,4,2
MEG_896|Drugs|Aminoglycosides|Aminoglycoside_O-nucleotidyltransferases|ANT3-DPRIME,10,6,4,0,6,0,4,0,0,0
MEG_1091|Drugs|Aminoglycosides|Aminoglycoside_O-phosphotransferases|APH6,52,134,20,0,74,40,50,572,24,14
MEG_7040|Drugs|Tetracyclines|Tetracycline_resistance_MFS_efflux_pumps|TETB,34,76,42,0,94,102,36,320,28,6
MEG_1087|Drugs|Aminoglycosides|Aminoglycoside_O-phosphotransferases|APH6,70,86,22,0,76,48,60,540,24,18
MEG_838|Drugs|Aminoglycosides|Aminoglycoside_O-nucleotidyltransferases|ANT3-DPRIME,0,16,4,0,12,0,0,0,2,0
MEG_285|Drugs|Aminoglycosides|Aminoglycoside_N-acetyltransferases|AAC6-PRIME,1112,2491,1464,2,2342,444,732,3,686,240
MEG_1086|Drugs|Aminoglycosides|Aminoglycoside_O-phosphotransferases|APH6,56,98,24,0,92,56,46,578,20,30
MEG_768|Drugs|Aminoglycosides|Aminoglycoside_O-nucleotidyltransferases|ANT3-DPRIME,0,0,0,0,2,0,0,0,0,0
MEG_1744|Multi-compound|Drug_and_biocide_and_metal_resistance|Drug_and_biocide_and_metal_RND_efflux_pumps|CMEE,7369,17757,6821,15605,20110,2864,5789,9129,4085,1051
MEG_1587|Drugs|Phenicol|Chloramphenicol_acetyltransferases|CATA,0,0,0,0,0,0,0,0,0,4
MEG_7842|Multi-compound|Drug_and_biocide_resistance|Drug_and_biocide_ABC_efflux_pumps|YOGI,18,60,22,2,46,58,24,164,12,14
MEG_1082|Drugs|Aminoglycosides|Aminoglycoside_O-phosphotransferases|APH4,472,1068,372,2,806,1733,654,0,268,18
MEG_876|Drugs|Aminoglycosides|Aminoglycoside_O-nucleotidyltransferases|ANT3-DPRIME,0,0,0,0,0,0,2,0,0,0
MEG_6583|Drugs|Sulfonamides|Sulfonamide-resistant_dihydropteroate_synthases|SULI,0,0,0,0,0,0,0,2,0,0
MEG_404|Multi-compound|Drug_and_biocide_and_metal_resistance|Drug_and_biocide_and_metal_RND_efflux_pumps|ACRD,1414,2802,970,0,2388,329,878,0,708,186
MEG_2518|Drugs|Trimethoprim|Dihydrofolate_reductase|DFRA,0,0,0,0,0,0,0,0,0,2
MEG_1019|Drugs|Aminoglycosides|Aminoglycoside_O-phosphotransferases|APH3-DPRIME,0,0,0,0,1,0,0,0,0,2
MEG_2646|Drugs|Trimethoprim|Dihydrofolate_reductase|DHFR|RequiresSNPConfirmation,30,60,4,0,24,24,36,0,8,0
MEG_6161|Drugs|Nucleosides|Streptothricin_acetyltransferase|SAT,194,586,222,0,328,108,146,2822,114,60
MEG_4649|Drugs|betalactams|Class_D_betalactamases|OXA,0,0,0,0,2,0,0,0,0,0
MEG_2976|Drugs|betalactams|Class_A_betalactamases|FONA,0,0,0,0,0,0,0,2,0,0
MEG_1209|Multi-compound|Drug_and_biocide_resistance|Drug_and_biocide_MFS_efflux_pumps|BCR,6,24,8,18,24,36,8,18,10,0
MEG_333|Drugs|Aminoglycosides|Aminoglycoside_N-acetyltransferases|AAC6-PRIME,444,960,256,0,780,141,332,1182,212,76
MEG_2538|Drugs|Trimethoprim|Dihydrofolate_reductase|DFRA,0,0,0,0,0,0,0,4,0,0
MEG_3129|Drugs|betalactams|Class_A_betalactamases|GES,2,8,2,0,4,0,1,8,2,8
MEG_1518|Drugs|betalactams|Class_A_betalactamases|CARB,2,2,0,0,2,0,2,0,2,0
MEG_208|Drugs|Aminoglycosides|Aminoglycoside_N-acetyltransferases|AAC6-PRIME,0,0,0,2,0,0,0,0,0,0
MEG_2121|Multi-compound|Drug_and_biocide_resistance|Drug_and_biocide_RND_efflux_regulator|CPXAR,334,708,283,0,572,836,334,2199,178,176
MEG_897|Drugs|Aminoglycosides|Aminoglycoside_O-nucleotidyltransferases|ANT3-DPRIME,2,0,0,0,0,0,0,0,0,0
MEG_6638|Drugs|Sulfonamides|Sulfonamide-resistant_dihydropteroate_synthases|SULII,26,56,18,0,46,2,12,180,10,6
MEG_3750|Multi-compound|Drug_and_biocide_and_metal_resistance|Drug_and_biocide_and_metal_RND_efflux_pumps|MDTC,2558,4755,1653,1,4508,438,1430,6,1318,410
MEG_1879|Drugs|betalactams|Class_C_betalactamases|CMY,0,0,0,0,2,0,0,0,0,0
MEG_2000|Drugs|betalactams|Class_C_betalactamases|CMY,0,0,0,0,2,0,0,0,0,0
MEG_796|Drugs|Aminoglycosides|Aminoglycoside_O-nucleotidyltransferases|ANT3-DPRIME,0,0,0,0,2,0,0,0,0,0
MEG_321|Drugs|Aminoglycosides|Aminoglycoside_N-acetyltransferases|AAC6-PRIME,0,0,0,4,0,0,0,4,0,0
MEG_1460|Drugs|Glycopeptides|Bleomycin_resistance_protein|BLE,644,1312,586,0,1184,2832,766,4,292,34
MEG_2794|Drugs|MLS|23S_rRNA_methyltransferases|ERMB,2092,4221,2674,2088,4424,918,1321,1064,1194,248
MEG_1279|Drugs|betalactams|Class_C_betalactamases|BLAEC,2,4,2,0,0,2,2,8,0,34
MEG_3738|Multi-compound|Drug_and_biocide_resistance|Drug_and_biocide_MFS_efflux_pumps|MDFA,40,64,26,12,58,60,48,22,34,0
MEG_6163|Drugs|Nucleosides|Streptothricin_acetyltransferase|SAT,196,580,224,0,322,132,144,2866,154,104
MEG_3762|Multi-compound|Drug_and_biocide_resistance|Drug_and_biocide_MFS_efflux_pumps|MDTM,162,346,162,2,342,710,232,2,68,14
MEG_6582|Drugs|Sulfonamides|Sulfonamide-resistant_dihydropteroate_synthases|SULI,20,56,16,0,60,10,16,196,14,4
MEG_868|Drugs|Aminoglycosides|Aminoglycoside_O-nucleotidyltransferases|ANT3-DPRIME,0,2,0,0,0,0,0,0,0,0
MEG_1017|Drugs|Aminoglycosides|Aminoglycoside_O-phosphotransferases|APH2-DPRIME,12,16,14,45234,10,8,4,24405,4,2040
MEG_3755|Multi-compound|Drug_and_biocide_resistance|Drug_and_biocide_MFS_efflux_pumps|MDTH,34,56,40,10,56,50,20,202,8,26
MEG_2516|Drugs|Trimethoprim|Dihydrofolate_reductase|DFRA,0,0,0,0,0,2,0,0,0,0
MEG_2733|Multi-compound|Drug_and_biocide_resistance|Drug_and_biocide_MFS_efflux_pumps|EMRK,690,1470,626,8,1266,3209,814,154,356,34
MEG_4650|Drugs|betalactams|Class_D_betalactamases|OXA,0,0,0,2,0,0,0,0,0,0
MEG_6618|Drugs|Sulfonamides|Sulfonamide-resistant_dihydropteroate_synthases|SULII,24,58,22,0,46,12,26,196,16,6
MEG_405|Multi-compound|Drug_and_biocide_and_metal_resistance|Drug_and_biocide_and_metal_RND_efflux_pumps|ACRD,32,102,36,0,80,98,48,328,22,20
MEG_5409|Drugs|betalactams|Penicillin_binding_protein|PBP4B,1852,3865,1300,3,3384,3932,1698,9393,972,758
MEG_1190|Drugs|Bacitracin|Undecaprenyl_pyrophosphate_phosphatase|BACA,188,518,230,2,456,1066,240,15,130,14
MEG_1275|Drugs|betalactams|Class_C_betalactamases|BLAEC,0,0,0,0,0,2,0,3,0,0
MEG_2300|Drugs|betalactams|Class_A_betalactamases|CTX,0,0,0,0,0,0,0,2,0,0
MEG_807|Drugs|Aminoglycosides|Aminoglycoside_O-nucleotidyltransferases|ANT3-DPRIME,0,0,2,0,0,0,0,0,0,0
MEG_1797|Drugs|betalactams|Class_C_betalactamases|CMY,0,0,0,0,1,0,0,0,0,0
MEG_927|Drugs|Aminoglycosides|Aminoglycoside_O-nucleotidyltransferases|ANT3-DPRIME,4,16,0,0,14,2,2,0,6,0
MEG_1545|Drugs|betalactams|Class_A_betalactamases|CARB,0,0,0,2,0,0,0,0,0,0
MEG_809|Drugs|Aminoglycosides|Aminoglycoside_O-nucleotidyltransferases|ANT3-DPRIME,6,2,0,0,4,2,2,2,0,0
MEG_5132|Drugs|betalactams|Class_D_betalactamases|OXA,0,0,0,0,0,0,0,2,0,0
MEG_7164|Drugs|Tetracyclines|Tetracycline_resistance_ribosomal_protection_proteins|TETO,23020,44114,30339,32938,47665,10515,14671,18077,12871,2418
MEG_4658|Drugs|betalactams|Class_D_betalactamases|OXA,50,124,70,160,118,22,14,104,45,16
MEG_2637|Drugs|Trimethoprim|Dihydrofolate_reductase|DHFR|RequiresSNPConfirmation,0,0,0,0,0,0,0,2,0,0
MEG_952|Drugs|Aminoglycosides|Aminoglycoside_O-nucleotidyltransferases|ANT3-DPRIME,484,866,218,0,746,166,321,1137,224,66
MEG_3764|Multi-compound|Drug_and_biocide_resistance|Drug_and_biocide_RND_efflux_pumps|MDTO,689,1436,607,1,1346,1642,722,3147,326,316
MEG_1023|Drugs|Aminoglycosides|Aminoglycoside_O-phosphotransferases|APH3-DPRIME,0,0,0,1,0,0,0,0,0,6
MEG_779|Drugs|Aminoglycosides|Aminoglycoside_O-nucleotidyltransferases|ANT3-DPRIME,0,2,0,0,0,0,0,0,0,0
MEG_1278|Drugs|betalactams|Class_C_betalactamases|BLAEC,306,684,308,2,551,630,296,1516,176,144
MEG_858|Drugs|Aminoglycosides|Aminoglycoside_O-nucleotidyltransferases|ANT3-DPRIME,0,2,0,0,0,2,0,0,0,0
MEG_2497|Drugs|Trimethoprim|Dihydrofolate_reductase|DFRA,0,0,0,0,0,0,0,16,0,0
MEG_4061|Drugs|Multi-drug_resistance|Multi-drug_ABC_efflux_pumps|MSBA,657,1312,606,4,1032,2992,772,53,324,74
MEG_1280|Drugs|betalactams|Class_C_betalactamases|BLAEC,276,684,296,4,562,676,252,1511,126,158
MEG_2498|Drugs|Trimethoprim|Dihydrofolate_reductase|DFRA,20,36,2,0,42,38,42,4,20,0
MEG_7037|Drugs|Tetracyclines|Tetracycline_resistance_MFS_efflux_pumps|TETB,44,80,42,2,90,96,58,294,20,6
MEG_1038|Drugs|Aminoglycosides|Aminoglycoside_O-phosphotransferases|APH3-DPRIME,546,1326,700,11552,1298,270,444,6918,278,620
MEG_1053|Drugs|Aminoglycosides|Aminoglycoside_O-phosphotransferases|APH3-DPRIME,0,0,0,0,0,0,2,0,0,2
MEG_4031|Drugs|MLS|Macrolide_phosphotransferases|MPHB,210,383,132,0,278,854,202,0,78,4
MEG_4670|Drugs|betalactams|Class_D_betalactamases|OXA,2,0,0,0,0,0,0,0,0,0
MEG_2482|Drugs|Trimethoprim|Dihydrofolate_reductase|DFRA,38,148,22,0,116,14,30,760,46,22
MEG_3748|Multi-compound|Drug_and_biocide_and_metal_resistance|Drug_and_biocide_and_metal_RND_efflux_pumps|MDTB,130,202,80,0,142,18,54,0,62,18
MEG_3744|Multi-compound|Drug_and_biocide_and_metal_resistance|Drug_and_biocide_and_metal_RND_efflux_pumps|MDTA,548,1062,512,2,978,134,326,2,350,62
MEG_1004|Drugs|Aminoglycosides|Aminoglycoside_O-nucleotidyltransferases|ANT9,16,9,4,25085,16,0,2,13166,2,1096
MEG_988|Drugs|Aminoglycosides|Aminoglycoside_O-nucleotidyltransferases|ANT6,28131,57135,29308,59846,57863,14484,19855,38236,14962,5000
MEG_6798|Drugs|betalactams|Class_A_betalactamases|TEM,0,0,0,2,0,0,0,0,0,0
MEG_2495|Drugs|Trimethoprim|Dihydrofolate_reductase|DFRA,0,0,2,0,0,2,0,2,0,0
MEG_2496|Drugs|Trimethoprim|Dihydrofolate_reductase|DFRA,0,0,2,0,0,0,0,2,2,0
MEG_1745|Multi-compound|Drug_and_biocide_and_metal_resistance|Drug_and_biocide_and_metal_RND_efflux_pumps|CMEF,6331,13000,8713,21447,14956,3126,4088,12650,3449,1602
MEG_7166|Drugs|Tetracyclines|Tetracycline_resistance_ribosomal_protection_proteins|TETO,0,2,0,2,0,2,0,0,0,0
MEG_1031|Drugs|Aminoglycosides|Aminoglycoside_O-phosphotransferases|APH3-DPRIME,0,0,0,0,0,2,0,0,0,0
MEG_884|Drugs|Aminoglycosides|Aminoglycoside_O-nucleotidyltransferases|ANT3-DPRIME,0,0,0,0,0,0,0,2,0,0
MEG_2870|Multi-compound|Drug_and_biocide_resistance|Drug_and_biocide_MFS_efflux_regulator|EVGS,806,1673,936,18,1426,2244,642,3846,442,368
MEG_6632|Drugs|Sulfonamides|Sulfonamide-resistant_dihydropteroate_synthases|SULII,30,52,18,0,58,20,10,250,22,10
MEG_32|Drugs|Aminoglycosides|Aminoglycoside_N-acetyltransferases|AAC3,686,1680,526,6,1438,3566,912,2,388,28
MEG_7043|Drugs|Tetracyclines|Tetracycline_resistance_MFS_efflux_pumps|TETB,34,100,30,0,62,80,28,286,14,14
MEG_4399|Drugs|betalactams|Class_D_betalactamases|OXA,0,0,0,2,0,0,0,0,0,0
MEG_2988|Drugs|Fosfomycin|Fosfomycin_thiol_transferases|FOSA,1,0,0,1,0,0,0,2,0,0
MEG_4398|Drugs|betalactams|Class_D_betalactamases|OXA,0,0,0,0,0,0,2,0,0,0
MEG_2732|Multi-compound|Drug_and_biocide_resistance|Drug_and_biocide_MFS_efflux_pumps|EMRK,648,1444,638,6,1182,3316,862,146,398,46
MEG_6631|Drugs|Sulfonamides|Sulfonamide-resistant_dihydropteroate_synthases|SULII,22,68,20,0,58,6,18,170,7,2
MEG_3752|Multi-compound|Drug_and_biocide_resistance|Drug_and_biocide_RND_efflux_pumps|MDTF,854,1964,792,0,1726,1834,826,4571,466,418
MEG_3758|Multi-compound|Drug_and_biocide_resistance|Drug_and_biocide_MATE_efflux_pumps|MDTK,0,4,0,0,0,4,0,4,0,0
MEG_2533|Drugs|Trimethoprim|Dihydrofolate_reductase|DFRA,40,100,18,0,80,18,16,589,20,4
MEG_2619|Drugs|Trimethoprim|Dihydrofolate_reductase|DHFR|RequiresSNPConfirmation,0,0,0,0,0,2,0,0,0,4
MEG_2502|Drugs|Trimethoprim|Dihydrofolate_reductase|DFRA,0,0,0,0,2,0,0,20,0,0
MEG_2848|Drugs|MLS|23S_rRNA_methyltransferases|ERMT,0,0,0,0,0,0,0,4,0,0
MEG_45|Drugs|Aminoglycosides|Aminoglycoside_N-acetyltransferases|AAC3,0,0,0,2,0,0,0,0,0,0
MEG_1501|Drugs|betalactams|Class_A_betalactamases|CARB,0,0,0,0,0,0,0,2,0,0
MEG_7030|Drugs|Tetracyclines|Tetracycline_resistance_MFS_efflux_pumps|TETA,0,2,0,0,0,0,0,8,0,0
MEG_1878|Drugs|betalactams|Class_C_betalactamases|CMY,0,0,0,0,4,0,0,0,0,0
MEG_843|Drugs|Aminoglycosides|Aminoglycoside_O-nucleotidyltransferases|ANT3-DPRIME,2,0,0,0,0,0,0,0,0,0
MEG_3754|Multi-compound|Drug_and_biocide_resistance|Drug_and_biocide_MFS_efflux_pumps|MDTG,217,544,270,0,426,1162,280,12,110,12
MEG_7017|Drugs|Tetracyclines|Tetracycline_resistance_MFS_efflux_pumps|TETA,0,0,0,1,0,0,0,0,0,0
MEG_2501|Drugs|Trimethoprim|Dihydrofolate_reductase|DFRA,0,0,0,0,2,0,0,18,0,0
MEG_1054|Drugs|Aminoglycosides|Aminoglycoside_O-phosphotransferases|APH3-DPRIME,0,0,0,1,0,0,0,0,0,2
MEG_5134|Drugs|betalactams|Class_D_betalactamases|OXA,0,0,0,0,0,2,0,2,0,0
MEG_2980|Drugs|betalactams|Class_A_betalactamases|FONA,0,0,0,0,0,0,0,2,0,0
MEG_6160|Drugs|Nucleosides|Streptothricin_acetyltransferase|SAT,204,560,254,0,326,114,168,2920,114,110
MEG_327|Drugs|Aminoglycosides|Aminoglycoside_N-acetyltransferases|AAC6-PRIME,0,0,0,0,0,0,0,2,0,0
MEG_4666|Drugs|betalactams|Class_D_betalactamases|OXA,0,4,2,12,8,0,0,10,2,2
MEG_2122|Multi-compound|Drug_and_biocide_resistance|Drug_and_biocide_RND_efflux_regulator|CPXAR,406,970,428,0,903,1264,372,2327,209,214
MEG_2797|Drugs|MLS|23S_rRNA_methyltransferases|ERMB,26,54,34,28,62,18,16,20,20,2
MEG_3083|Multi-compound|Drug_and_biocide_resistance|Drug_and_biocide_RND_efflux_regulator|GADX,1464,3342,1517,2,2973,3764,1314,8225,752,740
MEG_4589|Drugs|betalactams|Class_D_betalactamases|OXA,0,0,0,0,0,0,0,4,0,0
MEG_4655|Drugs|betalactams|Class_D_betalactamases|OXA,0,0,0,6,0,0,0,0,0,0
MEG_3747|Multi-compound|Drug_and_biocide_and_metal_resistance|Drug_and_biocide_and_metal_RND_efflux_pumps|MDTB,538,1278,512,1,1022,1508,544,3334,262,230
MEG_1874|Drugs|betalactams|Class_C_betalactamases|CMY,0,2,0,0,0,0,0,0,0,0
MEG_7039|Drugs|Tetracyclines|Tetracycline_resistance_MFS_efflux_pumps|TETB,0,2,0,0,0,2,0,2,0,0
MEG_2922|Drugs|Phenicol|Phenicol_resistance_MFS_efflux_pumps|FLOR,0,2,0,0,0,0,2,0,0,0
MEG_6629|Drugs|Sulfonamides|Sulfonamide-resistant_dihydropteroate_synthases|SULII,34,76,16,0,48,10,10,146,8,8
MEG_2119|Multi-compound|Drug_and_biocide_resistance|Drug_and_biocide_RND_efflux_regulator|CPXAR,282,759,296,0,544,842,270,2100,216,150
MEG_5801|Drugs|Cationic_antimicrobial_peptides|Lipid_A_modification|PMRF,430,966,368,2,756,1792,480,98,214,42
MEG_5011|Drugs|betalactams|Class_D_betalactamases|OXA,0,0,0,0,0,0,0,2,0,0
MEG_3763|Multi-compound|Drug_and_biocide_resistance|Drug_and_biocide_RND_efflux_pumps|MDTN,66,140,54,0,132,254,60,2,46,8
MEG_5401|Drugs|betalactams|Penicillin_binding_protein|PBP2|RequiresSNPConfirmation,0,0,0,0,0,0,0,2,0,0
MEG_1520|Drugs|betalactams|Class_A_betalactamases|CARB,0,0,0,0,2,0,0,2,2,0
MEG_937|Drugs|Aminoglycosides|Aminoglycoside_O-nucleotidyltransferases|ANT3-DPRIME,0,0,0,0,2,0,0,0,0,0
MEG_2132|Multi-compound|Drug_and_biocide_resistance|Drug_and_biocide_RND_efflux_regulator|CRP,892,1710,853,4,1448,1872,650,4600,438,398
MEG_1822|Drugs|betalactams|Class_C_betalactamases|CMY,0,0,0,0,0,0,2,0,0,0
MEG_1095|Drugs|Aminoglycosides|Aminoglycoside_O-phosphotransferases|APH6,48,104,32,0,74,60,50,558,30,24
MEG_304|Drugs|Aminoglycosides|Aminoglycoside_N-acetyltransferases|AAC6-PRIME,0,0,0,0,0,0,0,4,0,0
MEG_728|Drugs|betalactams|Class_C_betalactamases|AMPC,350,708,302,0,572,714,258,1526,178,146
MEG_966|Drugs|Aminoglycosides|Aminoglycoside_O-nucleotidyltransferases|ANT3-DPRIME,12,6,8,0,10,0,0,0,0,0
MEG_173|Drugs|Aminoglycosides|Aminoglycoside_N-acetyltransferases|AAC6-PRIME,0,0,0,0,0,0,0,2,0,0
MEG_2500|Drugs|Trimethoprim|Dihydrofolate_reductase|DFRA,66,134,64,0,130,18,40,782,30,36
MEG_1210|Multi-compound|Drug_and_biocide_resistance|Drug_and_biocide_MFS_efflux_pumps|BCR,10,30,16,32,18,18,28,14,6,0
MEG_1090|Drugs|Aminoglycosides|Aminoglycoside_O-phosphotransferases|APH6,0,0,0,0,0,0,0,2,0,0
MEG_6082|Multi-compound|Drug_and_biocide_and_metal_resistance|Drug_and_biocide_and_metal_RND_efflux_pumps|ROBA,30,58,30,2,60,48,16,216,12,10
MEG_4402|Drugs|betalactams|Class_D_betalactamases|OXA,0,0,0,0,0,0,0,2,0,0
MEG_408|Multi-compound|Drug_and_biocide_resistance|Drug_and_biocide_RND_efflux_pumps|ACRE,2,6,0,2,2,10,4,38,2,2
MEG_7045|Drugs|Tetracyclines|Tetracycline_resistance_MFS_efflux_pumps|TETB,56,90,70,0,72,104,26,288,24,6
MEG_1562|Drugs|Phenicol|Chloramphenicol_acetyltransferases|CATA,0,0,0,2,0,0,0,0,0,0
MEG_963|Drugs|Aminoglycosides|Aminoglycoside_O-nucleotidyltransferases|ANT3-DPRIME,0,0,0,0,0,0,0,2,0,0
MEG_1057|Drugs|Aminoglycosides|Aminoglycoside_O-phosphotransferases|APH3-DPRIME,0,0,0,0,1,0,0,0,0,0
MEG_1739|Multi-compound|Drug_and_biocide_and_metal_resistance|Drug_and_biocide_and_metal_RND_efflux_pumps|CMEB,66,150,124,780,210,40,44,574,46,70
MEG_3765|Multi-compound|Drug_and_biocide_resistance|Drug_and_biocide_RND_efflux_pumps|MDTP,2,2,2,0,8,10,6,34,2,0
MEG_3739|Multi-compound|Drug_and_biocide_resistance|Drug_and_biocide_MFS_efflux_pumps|MDFA,0,4,2,0,2,0,2,0,4,0
MEG_2639|Drugs|Trimethoprim|Dihydrofolate_reductase|DHFR|RequiresSNPConfirmation,26,44,4,0,50,56,20,2,8,0
MEG_4806|Drugs|betalactams|Class_D_betalactamases|OXA,0,0,0,0,0,0,0,2,0,0
MEG_1497|Drugs|betalactams|Class_A_betalactamases|CARB,0,0,0,0,0,0,0,2,0,0
MEG_2506|Drugs|Trimethoprim|Dihydrofolate_reductase|DFRA,42,86,20,0,66,21,24,480,14,4
MEG_2493|Drugs|Trimethoprim|Dihydrofolate_reductase|DFRA,56,152,50,0,168,12,42,686,14,22
MEG_1743|Multi-compound|Drug_and_biocide_and_metal_resistance|Drug_and_biocide_and_metal_RND_efflux_pumps|CMED,29771,60949,37043,78013,64833,16473,21208,48670,16883,6086
MEG_4642|Drugs|betalactams|Class_D_betalactamases|OXA,0,0,0,0,0,0,0,0,0,2
MEG_6551|Multi-compound|Drug_and_biocide_and_metal_resistance|Drug_and_biocide_and_metal_resistance_regulator|SOXS,488,972,292,2,779,136,310,5530,230,321
MEG_3736|Multi-compound|Drug_and_biocide_resistance|Drug_and_biocide_MFS_efflux_pumps|MDFA,51,84,32,18,66,80,58,16,14,6
MEG_2789|Drugs|MLS|23S_rRNA_methyltransferases|ERMB,2078,4088,2686,2066,4444,778,1341,1199,1138,238
MEG_2539|Drugs|Trimethoprim|Dihydrofolate_reductase|DFRA,44,64,14,0,88,14,22,483,20,4
MEG_2721|Multi-compound|Drug_and_biocide_resistance|Drug_and_biocide_MFS_efflux_pumps|EMRA,0,0,0,0,4,2,0,12,0,2
MEG_4665|Drugs|betalactams|Class_D_betalactamases|OXA,0,0,2,10,0,0,2,10,2,0
MEG_3759|Multi-compound|Drug_and_biocide_resistance|Drug_and_biocide_MATE_efflux_pumps|MDTK,0,0,0,0,2,2,2,4,0,0
MEG_5400|Drugs|betalactams|Penicillin_binding_protein|PBP2,986,2095,874,4,1770,1343,728,9149,544,748
MEG_4033|Drugs|MLS|Macrolide_phosphotransferases|MPHB,2,0,2,4,0,0,0,6,0,2
MEG_6633|Drugs|Sulfonamides|Sulfonamide-resistant_dihydropteroate_synthases|SULII,34,76,16,0,60,6,16,172,8,4
MEG_2802|Drugs|MLS|23S_rRNA_methyltransferases|ERMB,12,28,14,22,52,2,6,4,14,2
MEG_7158|Drugs|Tetracyclines|Tetracycline_resistance_ribosomal_protection_proteins|TETO,825,1424,922,16660,1428,450,493,11261,431,932
MEG_3663|Multi-compound|Drug_and_biocide_resistance|Drug_and_biocide_RND_efflux_regulator|MARR,0,0,0,0,0,0,0,86,0,0
MEG_2803|Drugs|MLS|23S_rRNA_methyltransferases|ERMB,0,2,0,0,2,0,2,0,0,0
MEG_5054|Drugs|betalactams|Class_D_betalactamases|OXA,0,0,0,0,0,0,0,4,0,0
MEG_2927|Drugs|Phenicol|Phenicol_resistance_MFS_efflux_pumps|FLOR,0,2,0,0,2,0,0,0,0,0
MEG_2801|Drugs|MLS|23S_rRNA_methyltransferases|ERMB,24,64,44,26,56,6,18,26,10,6
MEG_4384|Drugs|betalactams|Class_D_betalactamases|OXA,0,0,0,0,2,0,0,0,0,0
MEG_50|Drugs|Aminoglycosides|Aminoglycoside_N-acetyltransferases|AAC3,0,0,0,0,0,0,0,2,0,0
MEG_2923|Drugs|Phenicol|Phenicol_resistance_MFS_efflux_pumps|FLOR,0,0,0,0,2,0,2,0,0,0
MEG_1542|Drugs|betalactams|Class_A_betalactamases|CARB,0,0,0,0,2,0,0,0,0,0
MEG_2796|Drugs|MLS|23S_rRNA_methyltransferases|ERMB,29,54,20,36,40,16,24,22,18,4
MEG_797|Drugs|Aminoglycosides|Aminoglycoside_O-nucleotidyltransferases|ANT3-DPRIME,0,2,0,0,0,0,0,0,0,0
MEG_1192|Multi-compound|Drug_and_biocide_and_metal_resistance|Drug_and_biocide_and_metal_RND_efflux_regulator|BAER,502,1328,517,3,976,1412,496,2637,310,250
MEG_1046|Drugs|Aminoglycosides|Aminoglycoside_O-phosphotransferases|APH3-DPRIME,0,0,0,0,0,0,0,0,0,2
MEG_7027|Drugs|Tetracyclines|Tetracycline_resistance_MFS_efflux_pumps|TETA,0,0,0,0,0,0,0,12,0,0
MEG_837|Drugs|Aminoglycosides|Aminoglycoside_O-nucleotidyltransferases|ANT3-DPRIME,2,20,2,0,8,0,0,0,0,2
MEG_895|Drugs|Aminoglycosides|Aminoglycoside_O-nucleotidyltransferases|ANT3-DPRIME,0,2,0,0,0,0,0,4,0,0
MEG_2807|Drugs|MLS|23S_rRNA_methyltransferases|ERMB,1980,3938,2560,2028,4256,832,1246,1148,1106,266
MEG_7151|Drugs|Tetracyclines|Tetracycline_resistance_ribosomal_protection_proteins|TETO,5119,9278,5847,7294,9590,2593,3163,4939,2834,854
MEG_5811|Drugs|betalactams|Class_A_betalactamases|PSE,2,4,0,0,0,0,2,0,2,0
MEG_6626|Drugs|Sulfonamides|Sulfonamide-resistant_dihydropteroate_synthases|SULII,42,58,26,0,48,10,14,168,24,0
MEG_7153|Drugs|Tetracyclines|Tetracycline_resistance_ribosomal_protection_proteins|TETO,4796,8655,5882,7113,8871,2366,3007,4750,2638,762
MEG_866|Drugs|Aminoglycosides|Aminoglycoside_O-nucleotidyltransferases|ANT3-DPRIME,2,12,0,0,4,2,0,0,0,0
